email,password
patient1@email.com,Patient123!@
patient2@email.com,Patient123!@
patient3@email.com,Patient123!@
patient4@email.com,Patient123!@
patient5@email.com,Patient123!@
patient6@email.com,Patient123!@
patient7@email.com,Patient123!@
patient8@email.com,Patient123!@
patient9@email.com,Patient123!@
patient10@email.com,Patient123!@
patient11@email.com,Patient123!@
patient12@email.com,Patient123!@
patient13@email.com,Patient123!@
patient14@email.com,Patient123!@
patient15@email.com,Patient123!@
patient16@email.com,Patient123!@
patient17@email.com,Patient123!@
patient18@email.com,Patient123!@
patient19@email.com,Patient123!@
patient20@email.com,Patient123!@
patient21@email.com,Patient123!@
patient22@email.com,Patient123!@
patient23@email.com,Patient123!@
patient24@email.com,Patient123!@
patient25@email.com,Patient123!@
patient26@email.com,Patient123!@
patient27@email.com,Patient123!@
patient28@email.com,Patient123!@
patient29@email.com,Patient123!@
patient30@email.com,Patient123!@
